[
  {
    "id": "58abe012-a2f0-4bce-8da4-1eaa756fa817",
    "data": [
      {
        "text": "Jouer aux tables de multiplication",
        "userDefined": false
      }
    ],
    "isTemplate": false,
    "count": 1,
    "updated": 1507155242
  },
  {
    "id": "c471f1d5-99db-4582-9301-91af5da92858",
    "data": [
      {
        "text": "Lancer les tables de multiplication",
        "userDefined": false
      }
    ],
    "isTemplate": false,
    "count": 0,
    "updated": 1507155242
  },
  {
    "id": "1d7d4861-99dc-4c9d-93b6-e7c9e65c072d",
    "data": [
      {
        "text": "Révisons les tables de multiplication",
        "userDefined": false
      }
    ],
    "isTemplate": false,
    "count": 0,
    "updated": 1507155242
  },
  {
    "id": "7e9f616b-d14a-4c6e-8b34-392743cf9cae",
    "data": [
      {
        "text": "Réviser les multiplications",
        "userDefined": false
      }
    ],
    "isTemplate": false,
    "count": 0,
    "updated": 1507154631
  },
  {
    "id": "78dda20b-0a65-4590-983e-6d54d29f25c4",
    "data": [
      {
        "text": "Lancer les multiplications",
        "userDefined": false
      }
    ],
    "isTemplate": false,
    "count": 0,
    "updated": 1507154631
  },
  {
    "id": "96b844f3-0d9e-4986-bbb2-b672b19888c5",
    "data": [
      {
        "text": "Multiplions",
        "userDefined": false
      }
    ],
    "isTemplate": false,
    "count": 0,
    "updated": 1507154631
  },
  {
    "id": "aa406eea-27f3-4363-85b2-80a03873eb5c",
    "data": [
      {
        "text": "Commencer les multiplications",
        "userDefined": false
      }
    ],
    "isTemplate": false,
    "count": 0,
    "updated": 1507154631
  },
  {
    "id": "416e06fd-7479-4c50-a1eb-e93e80339f2c",
    "data": [
      {
        "text": "Démarrer",
        "userDefined": false
      }
    ],
    "isTemplate": false,
    "count": 0,
    "updated": 1507154631
  }
]