[
  {
    "id": "ae191abd-798b-42a6-84e8-5b6763be4152",
    "data": [
      {
        "text": "start practicing multiplications",
        "userDefined": false
      }
    ],
    "isTemplate": false,
    "count": 0,
    "updated": 1504889066
  },
  {
    "id": "e4ee4271-d5b3-4879-b5a6-fc0baa79daaa",
    "data": [
      {
        "text": "start multiply",
        "userDefined": false
      }
    ],
    "isTemplate": false,
    "count": 0,
    "updated": 1504889066
  },
  {
    "id": "8b719ec3-c0c9-46ed-b8a8-24f88d29d598",
    "data": [
      {
        "text": "let\u0027s multiply",
        "userDefined": false
      }
    ],
    "isTemplate": false,
    "count": 0,
    "updated": 1504889066
  },
  {
    "id": "acfe36e6-7174-4ab5-8937-d9c3f997fc06",
    "data": [
      {
        "text": "I want to practice multiplications",
        "userDefined": false
      }
    ],
    "isTemplate": false,
    "count": 0,
    "updated": 1504889066
  },
  {
    "id": "6d8fa4e1-c1df-4294-9e09-82ac4243411a",
    "data": [
      {
        "text": "let\u0027s practice multiplications",
        "userDefined": false
      }
    ],
    "isTemplate": false,
    "count": 0,
    "updated": 1504889066
  },
  {
    "id": "a804ae66-a6df-4c4e-a066-f109728acf61",
    "data": [
      {
        "text": "start",
        "userDefined": false
      }
    ],
    "isTemplate": false,
    "count": 0,
    "updated": 1504283735
  }
]