[
  {
    "id": "198c5381-9ecc-44b1-a7c0-345192a7590b",
    "data": [
      {
        "text": "Je sais pas",
        "userDefined": false
      }
    ],
    "isTemplate": false,
    "count": 0,
    "updated": 1507161437
  },
  {
    "id": "46b05daa-ff45-481a-af1d-681526f93fb7",
    "data": [
      {
        "text": "J\u0027en sais rien",
        "userDefined": false
      }
    ],
    "isTemplate": false,
    "count": 0,
    "updated": 1507155828
  },
  {
    "id": "3e0a91b3-146e-43a5-8f3a-4c745faae133",
    "data": [
      {
        "text": "Je n\u0027en sais rien",
        "userDefined": false
      }
    ],
    "isTemplate": false,
    "count": 0,
    "updated": 1507155828
  },
  {
    "id": "49f3931f-172c-4715-9e03-90a13805b643",
    "data": [
      {
        "text": "Aucune idée",
        "userDefined": false
      }
    ],
    "isTemplate": false,
    "count": 0,
    "updated": 1507154154
  },
  {
    "id": "fae1f5de-2e42-454d-bcfb-8c12bca6a6b8",
    "data": [
      {
        "text": "Je ne sais vraiment pas",
        "userDefined": false
      }
    ],
    "isTemplate": false,
    "count": 0,
    "updated": 1507154154
  },
  {
    "id": "198758a9-88c1-4b7f-80bc-f1ed31ae56aa",
    "data": [
      {
        "text": "Prochaine",
        "userDefined": false
      }
    ],
    "isTemplate": false,
    "count": 0,
    "updated": 1507154154
  },
  {
    "id": "9fb26805-05d6-45e5-ac89-431bb555c0b1",
    "data": [
      {
        "text": "Prochaine question",
        "userDefined": false
      }
    ],
    "isTemplate": false,
    "count": 0,
    "updated": 1507154154
  },
  {
    "id": "3a7b9fa9-a0f6-4d7f-acfa-beef3eb73e16",
    "data": [
      {
        "text": "Je ne sais pas",
        "userDefined": false
      }
    ],
    "isTemplate": false,
    "count": 0,
    "updated": 1507154154
  },
  {
    "id": "a2d8a730-27a6-46f0-b895-fe11a77b8aaa",
    "data": [
      {
        "text": "Je passe",
        "userDefined": false
      }
    ],
    "isTemplate": false,
    "count": 0,
    "updated": 1507154154
  }
]