[
  {
    "id": "a7caefc8-187c-4a65-90d4-cbda26084913",
    "data": [
      {
        "text": "I pass",
        "userDefined": false
      }
    ],
    "isTemplate": false,
    "count": 0,
    "updated": 0
  },
  {
    "id": "87d8a8ad-17fe-49a7-bc21-20a1bc1526e3",
    "data": [
      {
        "text": "next, please",
        "userDefined": false
      }
    ],
    "isTemplate": false,
    "count": 0,
    "updated": 0
  },
  {
    "id": "d1ca4e12-3d3c-4563-8363-93deedf6e68c",
    "data": [
      {
        "text": "I really don\u0027t know",
        "userDefined": false
      }
    ],
    "isTemplate": false,
    "count": 0,
    "updated": 0
  },
  {
    "id": "1bb64832-26e6-4d52-953e-e9af0c1f3297",
    "data": [
      {
        "text": "I don\u0027t know",
        "userDefined": false
      }
    ],
    "isTemplate": false,
    "count": 0,
    "updated": 0
  },
  {
    "id": "edf95c95-5505-4e2e-b735-b4fddc443aac",
    "data": [
      {
        "text": "next",
        "userDefined": false
      }
    ],
    "isTemplate": false,
    "count": 0,
    "updated": 0
  },
  {
    "id": "05e91b38-8262-416e-83f3-f9eae107c1ce",
    "data": [
      {
        "text": "pass",
        "userDefined": false
      }
    ],
    "isTemplate": false,
    "count": 0,
    "updated": 0
  }
]