[
  {
    "id": "67f90938-9aa2-4cc8-a722-807e2752f2de",
    "data": [
      {
        "text": "Ca ne serait pas ",
        "userDefined": false
      },
      {
        "text": "42",
        "alias": "guess",
        "meta": "@sys.number",
        "userDefined": true
      },
      {
        "text": " ?",
        "userDefined": false
      }
    ],
    "isTemplate": false,
    "count": 1,
    "updated": 1507154405
  },
  {
    "id": "f9ec7afe-bc71-41fc-9b8a-9864bb4c883f",
    "data": [
      {
        "text": "Ca fait ",
        "userDefined": false
      },
      {
        "text": "42",
        "alias": "guess",
        "meta": "@sys.number",
        "userDefined": true
      }
    ],
    "isTemplate": false,
    "count": 0,
    "updated": 1507154405
  },
  {
    "id": "58cc90c1-bcc8-47e5-943d-054c20f7f99c",
    "data": [
      {
        "text": "Je suis sûr que c\u0027est ",
        "userDefined": false
      },
      {
        "text": "42",
        "alias": "guess",
        "meta": "@sys.number",
        "userDefined": true
      }
    ],
    "isTemplate": false,
    "count": 0,
    "updated": 1507154405
  },
  {
    "id": "a55aa135-0001-446e-a656-968b909a0710",
    "data": [
      {
        "text": "Je pense que c\u0027est ",
        "userDefined": false
      },
      {
        "text": "42",
        "alias": "guess",
        "meta": "@sys.number",
        "userDefined": true
      }
    ],
    "isTemplate": false,
    "count": 0,
    "updated": 1507154405
  },
  {
    "id": "a7bb4e94-4974-42c8-865f-0ebc51ed6895",
    "data": [
      {
        "text": "La réponse est ",
        "userDefined": false
      },
      {
        "text": "42",
        "alias": "guess",
        "meta": "@sys.number",
        "userDefined": true
      }
    ],
    "isTemplate": false,
    "count": 0,
    "updated": 1507154405
  },
  {
    "id": "ddbb83fb-440a-4e95-be63-a3cec00fc1be",
    "data": [
      {
        "text": "35",
        "alias": "guess",
        "meta": "@sys.number",
        "userDefined": true
      }
    ],
    "isTemplate": false,
    "count": 0,
    "updated": 1507154405
  },
  {
    "id": "90841cb9-de45-4609-a100-5175433bc6ee",
    "data": [
      {
        "text": "C\u0027est ",
        "userDefined": false
      },
      {
        "text": "35",
        "alias": "guess",
        "meta": "@sys.number",
        "userDefined": true
      }
    ],
    "isTemplate": false,
    "count": 0,
    "updated": 1507154405
  }
]