[
  {
    "id": "c8b15813-4244-4601-92fb-63b536bb5a16",
    "data": [
      {
        "text": "Ca suffit",
        "userDefined": false
      }
    ],
    "isTemplate": false,
    "count": 0,
    "updated": 1507154460
  },
  {
    "id": "cee32ca9-565d-4039-9ebf-b29281d7d471",
    "data": [
      {
        "text": "J\u0027en ai marre",
        "userDefined": false
      }
    ],
    "isTemplate": false,
    "count": 0,
    "updated": 1507154460
  },
  {
    "id": "2dbf7d86-197c-4ae2-bb7d-0c96febf46cc",
    "data": [
      {
        "text": "J\u0027arrête",
        "userDefined": false
      }
    ],
    "isTemplate": false,
    "count": 0,
    "updated": 1507154460
  },
  {
    "id": "bf76a35c-40b6-4638-87fb-7dc62d0f3bdb",
    "data": [
      {
        "text": "Arrêter",
        "userDefined": false
      }
    ],
    "isTemplate": false,
    "count": 0,
    "updated": 1507154460
  },
  {
    "id": "a5d42013-7412-45b0-8189-e3dd46430c50",
    "data": [
      {
        "text": "Stop",
        "userDefined": false
      }
    ],
    "isTemplate": false,
    "count": 0,
    "updated": 1507154460
  }
]