[
  {
    "id": "ff9b443b-0f96-43b9-a04c-6d2a613e3558",
    "data": [
      {
        "text": "quit",
        "userDefined": false
      }
    ],
    "isTemplate": false,
    "count": 0,
    "updated": 0
  },
  {
    "id": "ecdf22c2-9d8f-4f34-804d-d7fbc9c5da88",
    "data": [
      {
        "text": "stop",
        "userDefined": false
      }
    ],
    "isTemplate": false,
    "count": 0,
    "updated": 0
  },
  {
    "id": "51fead61-702b-466a-82e0-ae216d74be18",
    "data": [
      {
        "text": "i give up",
        "userDefined": false
      }
    ],
    "isTemplate": false,
    "count": 0,
    "updated": 0
  },
  {
    "id": "ae83b6bd-8a18-4bdf-8183-f93fd948ae54",
    "data": [
      {
        "text": "i quit",
        "userDefined": false
      }
    ],
    "isTemplate": false,
    "count": 0,
    "updated": 0
  }
]