[
  {
    "id": "333b6f03-e084-436b-b3b0-3ec08c39eac8",
    "data": [
      {
        "text": "Could you repeat?",
        "userDefined": false
      }
    ],
    "isTemplate": false,
    "count": 0,
    "updated": 1504790805
  },
  {
    "id": "1ef79ebb-8412-4ef0-ae2c-c352388db881",
    "data": [
      {
        "text": "I didn\u0027t understand",
        "userDefined": false
      }
    ],
    "isTemplate": false,
    "count": 0,
    "updated": 1504790805
  },
  {
    "id": "bdb401ad-19f2-45b1-8b34-cbef047eee2d",
    "data": [
      {
        "text": "What?",
        "userDefined": false
      }
    ],
    "isTemplate": false,
    "count": 0,
    "updated": 1504790805
  },
  {
    "id": "1069fa5a-f8ce-4d8d-8861-07638c2dbb55",
    "data": [
      {
        "text": "Repeat",
        "userDefined": false
      }
    ],
    "isTemplate": false,
    "count": 0,
    "updated": 1504790805
  },
  {
    "id": "50b8682d-a808-4a31-9b6a-6ec5853422cb",
    "data": [
      {
        "text": "Say again",
        "userDefined": false
      }
    ],
    "isTemplate": false,
    "count": 0,
    "updated": 1504790805
  }
]