[
  {
    "id": "00239d30-fc8a-4c4b-b5d4-a2b90216e906",
    "data": [
      {
        "text": "Je n\u0027ai pas compris",
        "userDefined": false
      }
    ],
    "isTemplate": false,
    "count": 0,
    "updated": 1507154522
  },
  {
    "id": "65eb4ded-033c-430f-9af0-50d1923ef994",
    "data": [
      {
        "text": "Encore ",
        "userDefined": false
      },
      {
        "text": "une",
        "meta": "@sys.ignore",
        "userDefined": false
      },
      {
        "text": " fois",
        "userDefined": false
      }
    ],
    "isTemplate": false,
    "count": 0,
    "updated": 1507154522
  },
  {
    "id": "f69b69ac-7a28-4c31-a46b-7bc6e70b2f13",
    "data": [
      {
        "text": "Redis",
        "userDefined": false
      }
    ],
    "isTemplate": false,
    "count": 0,
    "updated": 1507154522
  },
  {
    "id": "e635d624-9096-479a-a120-03ce843a86bb",
    "data": [
      {
        "text": "Hein ?",
        "userDefined": false
      }
    ],
    "isTemplate": false,
    "count": 0,
    "updated": 1507154522
  },
  {
    "id": "674fbc09-5205-4e3b-ae64-766cdc304013",
    "data": [
      {
        "text": "Quoi ?",
        "userDefined": false
      }
    ],
    "isTemplate": false,
    "count": 0,
    "updated": 1507154522
  },
  {
    "id": "d4bd4ea8-2540-45df-aaa2-f7df23b6acff",
    "data": [
      {
        "text": "Répéter",
        "userDefined": false
      }
    ],
    "isTemplate": false,
    "count": 0,
    "updated": 1507154522
  },
  {
    "id": "1aa69380-2f70-4129-a175-64085b9f291f",
    "data": [
      {
        "text": "Répète",
        "userDefined": false
      }
    ],
    "isTemplate": false,
    "count": 0,
    "updated": 1507154522
  }
]